node,xc,yc
0,0.5100391375334323,-4.570685774910663
1,2.5596393708255727,2.9872448071072135
2,-0.6428350899273916,-2.7258427476688896
