{
    "global_route": [
        0,
        4,
        12,
        27,
        0,
        1,
        37,
        43,
        0,
        40,
        46,
        47,
        0,
        31,
        44,
        0,
        19,
        48,
        0,
        9,
        30,
        11,
        42,
        0,
        18,
        39,
        41,
        0,
        7,
        2,
        28,
        49,
        0,
        29,
        0,
        13,
        20,
        0,
        8,
        23,
        32,
        0,
        22,
        33,
        45,
        0,
        3,
        36,
        0,
        5,
        21,
        16,
        34,
        0,
        17,
        25,
        26,
        0,
        6,
        35,
        38,
        0,
        10,
        15,
        14,
        24,
        0
    ],
    "total_cost": 2288.902631786572,
    "inter_cluster_order": [
        6,
        11,
        10,
        16,
        5,
        1,
        14,
        7,
        8,
        12,
        13,
        15,
        3,
        2,
        0,
        4,
        9
    ],
    "n_clusters": 17,
    "cluster_routes": {
        "6": {
            "global_node_order": [
                4,
                12,
                0,
                27
            ],
            "cost": 91.844243404655,
            "node_indices": [
                4,
                12,
                27
            ]
        },
        "11": {
            "global_node_order": [
                0,
                1,
                37,
                43
            ],
            "cost": 120.21338736870743,
            "node_indices": [
                1,
                37,
                43
            ]
        },
        "10": {
            "global_node_order": [
                0,
                40,
                46,
                47
            ],
            "cost": 138.09430001738167,
            "node_indices": [
                40,
                46,
                47
            ]
        },
        "16": {
            "global_node_order": [
                0,
                31,
                44
            ],
            "cost": 157.8425318770446,
            "node_indices": [
                31,
                44
            ]
        },
        "5": {
            "global_node_order": [
                0,
                19,
                48
            ],
            "cost": 130.2894341693459,
            "node_indices": [
                19,
                48
            ]
        },
        "1": {
            "global_node_order": [
                0,
                9,
                30,
                11,
                42
            ],
            "cost": 151.90769281124838,
            "node_indices": [
                9,
                11,
                30,
                42
            ]
        },
        "14": {
            "global_node_order": [
                0,
                18,
                39,
                41
            ],
            "cost": 186.01057649742216,
            "node_indices": [
                18,
                39,
                41
            ]
        },
        "7": {
            "global_node_order": [
                0,
                7,
                2,
                28,
                49
            ],
            "cost": 192.78789253241635,
            "node_indices": [
                2,
                7,
                28,
                49
            ]
        },
        "8": {
            "global_node_order": [
                0,
                29
            ],
            "cost": 141.3579933299298,
            "node_indices": [
                29
            ]
        },
        "12": {
            "global_node_order": [
                0,
                13,
                20
            ],
            "cost": 107.09829064631451,
            "node_indices": [
                13,
                20
            ]
        },
        "13": {
            "global_node_order": [
                8,
                23,
                0,
                32
            ],
            "cost": 89.73557722629873,
            "node_indices": [
                8,
                23,
                32
            ]
        },
        "15": {
            "global_node_order": [
                0,
                22,
                33,
                45
            ],
            "cost": 93.32093807613764,
            "node_indices": [
                22,
                33,
                45
            ]
        },
        "3": {
            "global_node_order": [
                0,
                3,
                36
            ],
            "cost": 79.361637425433,
            "node_indices": [
                3,
                36
            ]
        },
        "2": {
            "global_node_order": [
                0,
                5,
                21,
                16,
                34
            ],
            "cost": 80.80070650887664,
            "node_indices": [
                5,
                16,
                21,
                34
            ]
        },
        "0": {
            "global_node_order": [
                17,
                25,
                0,
                26
            ],
            "cost": 133.26159142637525,
            "node_indices": [
                17,
                25,
                26
            ]
        },
        "4": {
            "global_node_order": [
                0,
                6,
                35,
                38
            ],
            "cost": 201.7489229647682,
            "node_indices": [
                6,
                35,
                38
            ]
        },
        "9": {
            "global_node_order": [
                0,
                10,
                15,
                14,
                24
            ],
            "cost": 193.22691550421627,
            "node_indices": [
                10,
                14,
                15,
                24
            ]
        }
    }
}